<?xml version="1.0" encoding="UTF-8"?>
<!DOCTYPE suite SYSTEM "https://testng.org/testng-1.0.dtd">
<suite name="Suite">
  <test thread-count="5" name="Test">
    <classes>
      <class name="testScenario.Searchscenario"/>
      <class name="testScenario.Loginmethod"/>
      <class name="testScenario.Loginscenario"/>
      <class name="testScenario.Addadressscenario"/>
      <class name="Deloitte.Amon.Class1"/>
      <class name="testScenario.SearchProduct"/>
      <class name="utils.Common"/>
    </classes>
  </test> <!-- Test -->
</suite> <!-- Suite -->
