<?xml version="1.0" encoding="UTF-8"?>
<!DOCTYPE suite SYSTEM "https://testng.org/testng-1.0.dtd">
<suite  name="SFDC Regression Suite" parallel="classes" thread-count="2">
  <test name="Regression">
    <classes>
      
      <class name="testScenario.Loginmethod">
      <methods>
       <include name="login"></include>
      </methods>
      
      
      </class>
      
      <class name ="testScenario.Searchscenario"/>
      
      
      
    </classes>
  </test> <!-- Test -->
</suite> <!-- Suite -->
